0,0,SRbSP6jkRKDnvkZQD7AsHTtRZYs=,XB0PGTXlZlDH3bwqwl18bMBtXuU=
0,1,SRbSP6jkRKDnvkZQD7AsHTtRZYs=,u0100FzqAv9/CEDrdajhmoGe1Fo=
0,2,SRbSP6jkRKDnvkZQD7AsHTtRZYs=,XKftATc3fHmKwk8onOcJTiqNrA0=
0,3,SRbSP6jkRKDnvkZQD7AsHTtRZYs=,XKftATc3fHmKwk8onOcJTiqNrA0=
0,4,SRbSP6jkRKDnvkZQD7AsHTtRZYs=,s6CE2jkyViHF7oS3DLg7J/7+r2k=
0,5,SRbSP6jkRKDnvkZQD7AsHTtRZYs=,XKftATc3fHmKwk8onOcJTiqNrA0=
0,6,SRbSP6jkRKDnvkZQD7AsHTtRZYs=,9AmhdCP4gbPMJHuLKSzsBe3a5zk=
0,7,SRbSP6jkRKDnvkZQD7AsHTtRZYs=,MyjKw9WpCt2ybjMkz/CNZh/aI8M=
1,0,SRbSP6jkRKDnvkZQD7AsHTtRZYs=,MPNZRZMLGItWeP+lOh5BIpWA/go=
2,0,SRbSP6jkRKDnvkZQD7AsHTtRZYs=,XV9cW/IEbo1NgR+0ZXJ99XhPycE=
3,0,kN0d1g9SDbsXv98WT53PvfYcsy0=,KzNKu+qnGucZ06tm8QSTVM1kqnM=
